title,address,phone,link,url,hours,rating,owners_count,reviews
McDonald's,"Aire d'Ambrussum Sud Autoroute, A9, 34400 Villetelle, France",+33 4 99 54 65 89,http://www.restaurants.mcdonalds.fr/mcdonalds-a9-montpellier-ambrussum,https://www.google.com/search?q=A9-MONTPELLIER-AMBRUSSUM-McDonald%27s-Aire-D%27ambrussum-Sud,"{'lundi': '10:00–22:00', 'mardi': '10:00–22:00', 'mercredi': '10:00–22:00', 'jeudi': '10:00–22:00', 'vendredi': '10:00–22:00', 'samedi': '10:00–22:00', 'dimanche': '10:00–22:00'}","3,4",,4930
McDonald's,"1 Av. Robert Schuman, 80100 Abbeville, France",+33 3 22 24 47 48,http://www.restaurants.mcdonalds.fr/mcdonalds-abbeville,https://www.google.com/search?q=ABBEVILLE-McDonald%27s-Route-D%27amiens-Angle-Avenue-Robert-Schuman,"{'lundi': '08:30–23:00', 'mardi': '08:30–23:00', 'mercredi': '08:30–23:00', 'jeudi': '08:30–23:00', 'vendredi': '08:30–23:30', 'samedi': '08:30–23:30', 'dimanche': '08:30–23:00'}","2,9",,3171
McDonald's,"ZA, Rue Antonins, 78660 Ablis, France",+33 1 30 46 22 30,http://www.restaurants.mcdonalds.fr/mcdonalds-ablis,https://www.google.com/search?q=ABLIS-McDonald%27s-Za,"{'lundi': '09:00–22:30', 'mardi': '09:00–22:30', 'mercredi': '09:00–22:30', 'jeudi': '09:00–22:30', 'vendredi': '09:00–22:30', 'samedi': '09:00–22:30', 'dimanche': '09:00–22:30'}","3,3",,1868
McDonald's,"Avenue Wolfgang Amadeus Mozart ZAC du chemin neuf - Centre Commercial E.Leclerc, 78260 Achères, France",+33 1 39 11 61 68,http://www.restaurants.mcdonalds.fr/mcdonalds-acheres,https://www.google.com/search?q=ACHERES-McDonald%27s-Zac-Du-Chemin-Neuf-Centre-Commercial-E.leclerc-Avenue-W.a-Mozart,"{'lundi': '10:00–23:30', 'mardi': '10:00–23:30', 'mercredi': '10:00–23:30', 'jeudi': '10:00–23:30', 'vendredi': '10:00–23:30', 'samedi': '10:00–23:30', 'dimanche': '10:00–23:30'}","3,5",,1485
McDonald's,"Parking But, Bd du Soleil, 34300 Agde, France",+33 4 67 94 25 75,http://www.restaurants.mcdonalds.fr/mcdonalds-agde,https://www.google.com/search?q=AGDE-McDonald%27s-Boulevard-Du-Soleilparking-But,"{'lundi': '10:00–22:00', 'mardi': '10:00–22:00', 'mercredi': '10:00–22:00', 'jeudi': '10:00–22:00', 'vendredi': '10:00–22:00', 'samedi': '10:00–22:00', 'dimanche': '10:00–22:00'}","2,6",,2417
McDonald's,"Centre Commercial - Hyper U Grand Cap, Rue du Grand Cap, 34300 Agde, France",+33 4 67 01 42 64,http://www.restaurants.mcdonalds.fr/mcdonalds-agde-cayret,https://www.google.com/search?q=AGDE-CAYRET-McDonald%27s-Rue-Du-Grand-Capc.cial-Hyper-U-Grand-Cap,"{'lundi': '10:00–00:00', 'mardi': '10:00–00:00', 'mercredi': '10:00–00:00', 'jeudi': '10:00–00:00', 'vendredi': '10:00–00:00', 'samedi': '10:00–00:00', 'dimanche': '10:00–00:00'}","2,8",,3180
McDonald's Agen Pin,"Place du Pin, 47000 Agen, France",+33 5 53 47 35 82,http://www.restaurants.mcdonalds.fr/mcdonalds-agen-place-du-pin,https://www.google.com/search?q=AGEN-PLACE-DU-PIN-McDonald%27s-Place-Du-Pin,"{'lundi': '09:00–23:00', 'mardi': '09:00–23:00', 'mercredi': '09:00–23:00', 'jeudi': '09:00–23:00', 'vendredi': '09:00–23:00', 'samedi': '09:00–23:00', 'dimanche': '09:00–23:00'}","3,4",,1991
McDonald's Agen Sud,"ZAC Agen Sud, Giratoire Saint Jacques, Av. André Tissidre, 47000 Agen, France",+33 5 53 98 10 99,http://www.restaurants.mcdonalds.fr/mcdonalds-agen-sud,https://www.google.com/search?q=AGEN-SUD-McDonald%27s-Avenue-Du-Midi,"{'lundi': '10:00–23:00', 'mardi': '10:00–23:00', 'mercredi': '10:00–23:00', 'jeudi': '10:00–23:00', 'vendredi': '10:00–00:00', 'samedi': '10:00–00:00', 'dimanche': '10:00–23:00'}","3,5",,2348
McDonald's,"Avenue Charles De Gaulle Route des plages, 30470 Aimargues, France",+33 4 66 88 13 71,http://www.restaurants.mcdonalds.fr/mcdonalds-aimargues,https://www.google.com/search?q=AIMARGUES-McDonald%27s-Av.-Charles-De-Gaulle-Route-Des-Plages,"{'lundi': '10:00–23:00', 'mardi': '10:00–23:00', 'mercredi': '10:00–23:00', 'jeudi': '10:00–23:00', 'vendredi': '10:00–00:00', 'samedi': '10:00–00:00', 'dimanche': '10:00–23:00'}","2,7",,2491
,,,,https://www.google.com/search?q=AIRE-DE-BOSGOUET-SUD-ORIGINAL%27S-AREAS-McDonald%27s-Aire-De-Bosgouet-Sud,{},,,
,,,,https://www.google.com/search?q=AIRE-DE-FRONTONNAIS-NORD-AREAS-McDonald%27s-Route-De-Fronton,{},,,
,"Aire de service de La Lozère, A75, 48200 Les Monts-Verts, France",+33 4 66 31 94 06,,https://www.google.com/search?q=AIRE-DE-LA-LOZERE-McDonald%27s-Aire-De-La-Loz%C3%A8re-Aire-La-Garde,"{'lundi': '06:30–22:00', 'mardi': '06:30–22:00', 'mercredi': '06:30–22:00', 'jeudi': '06:30–22:00', 'vendredi': '06:30–22:00', 'samedi': '06:30–22:00', 'dimanche': '06:30–22:00'}","3,9",,3617
Aire de Vémars Ouest,"Km 26, A. du N, 95470 Vémars, France",+33 9 70 80 87 09,https://www.autoroutes.sanef.com/fr/mon-voyage/aires-autoroute,https://www.google.com/search?q=AIRE-DE-VEMARS-OUEST-AUTOGRILL-McDonald%27s-Aire-De-V%C3%A9mars-Ouest,"{'lundi': 'Ouvert 24h/24', 'mardi': 'Ouvert 24h/24', 'mercredi': 'Ouvert 24h/24', 'jeudi': 'Ouvert 24h/24', 'vendredi': 'Ouvert 24h/24', 'samedi': 'Ouvert 24h/24', 'dimanche': 'Ouvert 24h/24'}","3,7",,3279
McDonald's,"101 bis, Route De Bordeaux sortie 6 sur Autoroute, A65, 40800 Aire-sur-l'Adour, France",+33 7 89 65 30 06,http://www.restaurants.mcdonalds.fr/mcdonalds-aire-sur-l%27adour,https://www.google.com/search?q=AIRE-SUR-L%27ADOUR-McDonald%27s-Bis-Route-De-Bordeaux-(sortie--Sur-),"{'lundi': '09:30–22:30', 'mardi': '09:30–22:30', 'mercredi': '09:30–22:30', 'jeudi': '09:30–22:30', 'vendredi': '09:30–23:00', 'samedi': '09:30–23:00', 'dimanche': '09:30–22:30'}","3,1",,1736
McDonald's,"Centre Commercial Carrefour, Route d'Isbergue, 62120 Aire-sur-la-Lys, France",+33 3 21 88 32 17,http://www.restaurants.mcdonalds.fr/mcdonalds-aire-sur-la-lys,https://www.google.com/search?q=AIRE-SUR-LA-LYS-McDonald%27s-C.cial-Carrefour-Route-D%27isbergue,"{'indices': 'DJIA S&P 100, S&P 500, Stoxx Americas 100, Stoxx Global 200, Stoxx NorthAmerica 50, Stoxx USA 50', 'srd': '-', 'pea': 'Non éligible', 'dernière ag': '22/05/2024', 'lundi': '09:00–23:00', 'mardi': '09:00–23:00', 'mercredi': '09:00–23:00', 'jeudi': '09:00–23:00', 'vendredi': '09:00–00:00', 'samedi': '09:00–00:00', 'dimanche': '09:00–00:00'}","2,9",,1497
McDonald's,"820 Rue André Ampère, 13851 Aix-en-Provence CEDEX 3, France",+33 4 42 24 19 21,http://www.restaurants.mcdonalds.fr/mcdonalds-aix-ampere,https://www.google.com/search?q=AIX-AMPERE-McDonald%27s-Rue-Andr%C3%A9-Amp%C3%A8re,"{'lundi': '09:00–23:00', 'mardi': '09:00–23:00', 'mercredi': '09:00–23:00', 'jeudi': '09:00–23:00', 'vendredi': '09:00–23:30', 'samedi': '09:00–23:30', 'dimanche': '09:00–23:00'}","3,4",,1796
McDonald's,"39 Av. Jean Giono, 13100 Aix-en-Provence, France",+33 4 42 20 04 94,http://www.restaurants.mcdonalds.fr/mcdonalds-aix-en-provence,https://www.google.com/search?q=AIX-EN-PROVENCE-McDonald%27s-Avenue-Jean-Giono,"{'lundi': '09:00–22:30', 'mardi': '09:00–22:30', 'mercredi': '09:00–22:30', 'jeudi': '09:00–22:30', 'vendredi': '09:00–22:30', 'samedi': '09:00–22:30', 'dimanche': '09:00–22:30'}","3,4",,4204
McDonald's,"ZAC du Grand Rieux, Parking Super U, 1, Route De Cognac Zac Du Grand Rieux, Parking Super U, 87700 Aixe-sur-Vienne, France",+33 5 55 58 92 38,http://www.restaurants.mcdonalds.fr/mcdonalds-aixe-sur-vienne,https://www.google.com/search?q=AIXE-SUR-VIENNE-McDonald%27s-Route-De-Cognac-Zac-Du-Grand-Rieux-Parking-Super-U,"{'lundi': '10:00–22:30', 'mardi': '10:00–22:30', 'mercredi': '10:00–22:30', 'jeudi': '10:00–22:30', 'vendredi': '10:00–23:00', 'samedi': '10:00–23:00', 'dimanche': '10:00–22:30'}","3,1",,1477
McDonald's,"7 Av. Daniel Rops, 73100 Aix-les-Bains, France",+33 4 79 34 05 84,https://www.mcdonalds.fr/restaurants/mcdonalds-aix-les-bains/978,https://www.google.com/search?q=AIX-LES-BAINS-McDonald%27s-Avenue-Daniel-Rops,"{'lundi': '10:00–23:30', 'mardi': '10:00–23:30', 'mercredi': '10:00–23:30', 'jeudi': '10:00–23:30', 'vendredi': '10:00–00:00', 'samedi': '10:00–00:00', 'dimanche': '10:00–23:30'}","3,4",,3540
McDonald's,"Centre Commercial Carrefour La Pioline, D9, 13290, France",+33 4 42 20 28 36,http://www.restaurants.mcdonalds.fr/mcdonalds-aix-les-milles,https://www.google.com/search?q=AIX-LES-MILLES-McDonald%27s-Cd--C.cial-Carrefour-La-Pioline,"{'lundi': '09:00–22:30', 'mardi': '09:00–22:30', 'mercredi': '09:00–22:30', 'jeudi': '09:00–22:30', 'vendredi': '09:00–23:00', 'samedi': '09:00–23:00', 'dimanche': '09:00–22:30'}","3,4",,1556
McDonald's,"146 Rue de la Roche, 85190 Aizenay, France",+33 2 51 07 05 36,http://www.restaurants.mcdonalds.fr/mcdonalds-aizenay,https://www.google.com/search?q=AIZENAY-McDonald%27s-Route-De-La-Roche,"{'lundi': '10:00–23:00', 'mardi': '10:00–23:00', 'mercredi': '10:00–23:00', 'jeudi': '10:00–23:00', 'vendredi': '10:00–00:00', 'samedi': '10:00–00:00', 'dimanche': '10:00–23:00'}","3,1",,2950
McDonald's,"Rte de Bapaume, 80300 Albert, France",+33 3 22 64 00 71,http://www.restaurants.mcdonalds.fr/mcdonalds-albert,https://www.google.com/search?q=ALBERT-McDonald%27s-Route-De-Bapaume,"{'lundi': '09:30–23:30', 'mardi': '09:30–23:30', 'mercredi': '09:30–23:30', 'jeudi': '09:30–23:30', 'vendredi': '09:30–00:00', 'samedi': '09:30–00:00', 'dimanche': '09:30–23:30'}","4,1",,3655
McDonald’s,"23 Av. des Chasseurs Alpins, 73200 Albertville, France",+33 4 79 31 22 94,https://www.mcdonalds.fr/,https://www.google.com/search?q=ALBERTVILLE-McDonald%27s-Avenue-Des-Chasseurs-Alpins,"{'bank of america': '1,87%', 'morgan stanley': '1,87%', 'banque centrale de norvège': '1,27%', 'the capital group companies': '1,22%', 'lundi': '09:00–23:00', 'mardi': '09:00–23:00', 'mercredi': '09:00–23:00', 'jeudi': '09:00–23:00', 'vendredi': '09:00–00:00', 'samedi': '09:00–00:00', 'dimanche': '09:00–23:00'}","2,9",,3044
McDonald's,"57 Av. de Saint-Juéry, 81000 Albi, France",+33 5 63 40 13 30,https://www.mcdonalds.fr/restaurants,https://www.google.com/search?q=Albi-Saint-Ju%C3%A9ry-McDonald%27s-Avenue-De-Saint-Juery,"{'lundi': '11:00–23:00', 'mardi': '11:00–23:00', 'mercredi': '11:00–23:00', 'jeudi': '11:00–23:00', 'vendredi': '11:00–23:00', 'samedi': '11:00–23:00', 'dimanche': '11:00–23:00'}","4,1",,1914
McDonald's,"Rue de Bourdès Rond Point du, Le Sequestre, 81000 Albi, France",+33 5 63 54 64 69,http://www.restaurants.mcdonalds.fr/mcdonalds-albi-sequestre,https://www.google.com/search?q=ALBI-SEQUESTRE-McDonald%27s-Rue-De-Bourd%C3%A8s,"{'lundi': '10:00–00:00', 'mardi': '10:00–00:00', 'mercredi': '10:00–00:00', 'jeudi': '10:00–00:00', 'vendredi': '10:00–01:00', 'samedi': '10:00–01:00', 'dimanche': '10:00–00:00'}","3,5",,3315
McDonald's,"Impasse du Gardonnet Lieu dit, Quai du Mas d'Hours, 30100 Alès, France",+33 4 66 56 90 90,http://www.restaurants.mcdonalds.fr/mcdonalds-ales,https://www.google.com/search?q=ALES-McDonald%27s-Quai-Du-Mas-D%27hours-Lieu-Dit-Gardonnet,"{'lundi': '09:00–02:00', 'mardi': '09:00–02:00', 'mercredi': '09:00–02:00', 'jeudi': '09:00–02:00', 'vendredi': '09:00–02:00', 'samedi': '09:00–02:00', 'dimanche': '09:00–02:00'}","3,4",,2555
McDonald's,"Rond-Point des Rotondes, Bd Louis Blanc, 30100 Alès, France",+33 4 66 55 63 60,http://www.restaurants.mcdonalds.fr/mcdonalds-ales-centre,https://www.google.com/search?q=ALES-CENTRE-McDonald%27s-Boulevard-Louis-Blanc-Rond-point-Des-Rotondes,"{'state street corporation': '4,83%', 'jp morgan chase': '2,56%', 'geode capital management': '2,19%', 'wellington management company': '2,08%', 'lundi': '10:30–22:00', 'mardi': '10:30–22:00', 'mercredi': '10:30–22:00', 'jeudi': '10:30–22:00', 'vendredi': '10:30–23:00', 'samedi': '10:30–23:00', 'dimanche': '10:30–22:00'}","3,3",,1427
McDonald's,"Chem. des Potences, 30100 Alès, France",+33 4 66 43 11 17,http://www.restaurants.mcdonalds.fr/mcdonalds-ales-nord,https://www.google.com/search?q=ALES-NORD-McDonald%27s-Chemin-Des-Potences,"{'lundi': '10:00–00:00', 'mardi': '10:00–00:00', 'mercredi': '10:00–00:00', 'jeudi': '10:00–00:00', 'vendredi': '10:00–01:00', 'samedi': '10:00–01:00', 'dimanche': '10:00–00:00'}","3,4",,1983
McDonald's,"Za La Raterie, Rue de la Raterie Cc Leclerc, 72700 Allonnes, France",+33 2 43 42 60 06,http://www.restaurants.mcdonalds.fr/mcdonalds-allonnes,https://www.google.com/search?q=ALLONNES-McDonald%27s-Cc-Leclerc-Za-La-Raterie,"{'lundi': '09:00–23:00', 'mardi': '09:00–23:00', 'mercredi': '09:00–23:00', 'jeudi': '09:00–23:30', 'vendredi': '09:00–23:30', 'samedi': '09:00–23:30', 'dimanche': '09:00–23:00'}","3,6",,3371
McDonald's,"Du Ème Régiment Des Hussards, CARSPACH FR, 8 ZI N, 68130 Altkirch, France",+33 3 89 07 15 16,http://www.restaurants.mcdonalds.fr/mcdonalds-altkirch,https://www.google.com/search?q=ALTKIRCH-McDonald%27s-Zi-Nord-Avenue-Du-%C3%88me-R%C3%A9giment-Des-Hussards,"{'lundi': '10:30–23:00', 'mardi': '10:30–23:00', 'mercredi': '10:30–23:00', 'jeudi': '10:30–23:00', 'vendredi': '10:30–23:00', 'samedi': '10:30–23:00', 'dimanche': '10:30–23:00'}","3,5",,2439
McDonald's,"Rue Alexandre Bérard, 01500 Ambérieu-en-Bugey, France",+33 4 74 46 43 34,http://www.restaurants.mcdonalds.fr/mcdonalds-amberieu,https://www.google.com/search?q=AMBERIEU-McDonald%27s-Rue-Alexandre-B%C3%A9rard,"{'lundi': '10:30–01:00', 'mardi': '10:30–01:00', 'mercredi': '10:30–01:00', 'jeudi': '10:30–01:00', 'vendredi': '10:30–02:00', 'samedi': '10:30–02:00', 'dimanche': '11:00–01:00'}","2,9",,3284
McDonald's,"40 Av. Emmanuel Chabrier, 63600 Ambert, France",+33 4 73 82 92 35,http://www.restaurants.mcdonalds.fr/mcdonalds-ambert,https://www.google.com/search?q=AMBERT-McDonald%27s-Avenue-Emmanuel-Chabrier,"{'lundi': '11:00–22:00', 'mardi': '11:00–22:00', 'mercredi': '11:00–22:00', 'jeudi': '11:00–22:00', 'vendredi': '11:00–22:00', 'samedi': '11:00–22:00', 'dimanche': '11:00–22:00'}","3,6",,713
McDonald's,"Centre Commercial Leclerc, Boulevard Léonard de Vinci, 37400 Amboise, France",+33 2 47 23 24 19,http://www.restaurants.mcdonalds.fr/mcdonalds-amboise,https://www.google.com/search?q=AMBOISE-McDonald%27s-Centre-Commercial-Leclerc-Boulevard-L%C3%A9onard-De-Vinci,"{'lundi': '08:30–23:00', 'mardi': '08:30–23:00', 'mercredi': '08:30–23:00', 'jeudi': '08:30–23:00', 'vendredi': '08:30–00:00', 'samedi': '08:30–00:00', 'dimanche': '09:00–23:00'}","3,3",,2892
McDonald's,"Toulan, 56190 Ambon, France",+33 2 97 48 66 06,http://www.restaurants.mcdonalds.fr/mcdonalds-ambon,https://www.google.com/search?q=AMBON-McDonald%27s-Rond-Point-De-Toulan,"{'lundi': '10:30–22:30', 'mardi': '10:30–22:30', 'mercredi': '10:30–22:30', 'jeudi': '10:30–22:30', 'vendredi': '10:30–23:00', 'samedi': '10:30–23:00', 'dimanche': '10:30–23:00'}","3,0",,2572
McDonald's,"44 Rue des 3 Cailloux, 80000 Amiens, France",+33 3 22 92 87 87,http://www.restaurants.mcdonalds.fr/mcdonalds-amiens-centre-ville,https://www.google.com/search?q=AMIENS-CENTRE-VILLE-McDonald%27s-Rue-Des-Trois-Cailloux,"{'lundi': '07:30–00:00', 'mardi': '07:30–00:00', 'mercredi': '07:30–00:00', 'jeudi': '07:30–00:00', 'vendredi': '07:30–00:00', 'samedi': '07:30–00:00', 'dimanche': '10:00–00:00'}","3,5",,3121
McDonald's,"Centre Commercial Amiens, Pôle Jules Verne, Centre Commercial Amiens Glisy, 8 Av. Philéas Fogg, 80440 Glisy, France",+33 3 22 38 17 27,http://www.restaurants.mcdonalds.fr/mcdonalds-amiens-glisy,https://www.google.com/search?q=AMIENS-GLISY-McDonald%27s-Centre-Commercial-Amiens,"{'lundi': '08:30–00:00', 'mardi': '08:30–00:00', 'mercredi': '08:30–00:00', 'jeudi': '08:30–00:00', 'vendredi': '08:30–00:30', 'samedi': '08:30–00:30', 'dimanche': '08:30–00:00'}","3,1",,3641
McDonald's,"33 Quai Charles Tellier, 80000 Amiens, France",+33 3 22 22 69 30,http://www.restaurants.mcdonalds.fr/mcdonalds-amiens-la-breteche,https://www.google.com/search?q=AMIENS-LA-BRETECHE-McDonald%27s-Quai-Charles-Tellier,"{'lundi': '08:30–00:00', 'mardi': '08:30–00:00', 'mercredi': '08:30–23:45', 'jeudi': '08:30–00:00', 'vendredi': '08:30–00:30', 'samedi': '08:30–00:30', 'dimanche': '08:30–00:00'}","3,8",,3840
McDonald's,"Av. de la Défense Passive, 80080 Amiens, France",+33 3 22 44 04 23,http://www.restaurants.mcdonalds.fr/mcdonalds-amiens-nord,https://www.google.com/search?q=AMIENS-NORD-McDonald%27s-Avenue-De-La-D%C3%A9fense-Passive,"{'lundi': '08:30–23:00', 'mardi': '08:30–23:00', 'mercredi': '08:30–23:00', 'jeudi': '08:30–23:00', 'vendredi': '08:30–00:00', 'samedi': '08:30–00:00', 'dimanche': '08:30–23:00'}","3,9",,3341
McDonald's,"740 Rte de Saint-Firmin des Vignes, 45200 Amilly, France",+33 2 38 98 04 44,http://www.restaurants.mcdonalds.fr/mcdonalds-amilly,https://www.google.com/search?q=AMILLY-McDonald%27s-Rue-De-Saint-Firmin-Des-Vignes,"{'lundi': '10:00–23:00', 'mardi': '10:00–23:00', 'mercredi': '10:00–23:00', 'jeudi': '10:00–23:00', 'vendredi': '10:00–00:00', 'samedi': '10:00–00:00', 'dimanche': '10:00–23:00'}","3,3",,2332
McDonald's,"Centre de Loisirs, Rue de l'Europe, 57360 Amnéville, France",+33 3 87 72 18 39,http://www.restaurants.mcdonalds.fr/mcdonalds-amneville,https://www.google.com/search?q=AMNEVILLE-McDonald%27s-Rue-De-L%27europe-Centre-De-Loisirs,"{'lundi': '08:30–23:00', 'mardi': '08:30–23:00', 'mercredi': '08:30–23:00', 'jeudi': '08:30–23:00', 'vendredi': '08:30–00:00', 'samedi': '08:30–00:00', 'dimanche': '08:30–23:00'}","2,8",,4199
McDonald's,"Zone Industrielle De Montplain, 15100 Andelat, France",+33 4 71 60 39 59,http://www.restaurants.mcdonalds.fr/mcdonalds-andelat,https://www.google.com/search?q=ANDELAT-McDonald%27s-Zi-De-Montplain,"{'lundi': '10:30–23:00', 'mardi': '10:30–23:00', 'mercredi': '10:30–23:00', 'jeudi': '10:30–23:00', 'vendredi': '10:30–23:00', 'samedi': '10:30–23:00', 'dimanche': '10:30–23:00'}","3,0",,1906
,,,,https://www.google.com/search?q=ANET-McDonald%27s-Za-Le-D%C3%A9-Bd-Des--Arpentsparking-E.leclerc,{},,,
McDonald's,"6, Bis Bd du Maréchal Foch, 49100 Angers, France",+33 2 41 86 86 77,http://www.restaurants.mcdonalds.fr/mcdonalds-angers-centre-ville,https://www.google.com/search?q=ANGERS-CENTRE-VILLE-McDonald%27s-Bis-Boulevard-Du-Mar%C3%A9chal-Foch,"{'lundi': '10:00–01:00', 'mardi': '10:00–01:00', 'mercredi': '10:00–02:00', 'jeudi': '10:00–02:00', 'vendredi': '10:00–02:00', 'samedi': '10:00–02:00', 'dimanche': '10:00–01:00'}","3,5",,2670
McDonald's,"Centre Commercial Géant Centre Commercial Géant, 62 Bd Eugène Chaumin, 49000 Angers, France",+33 2 41 47 92 78,http://www.restaurants.mcdonalds.fr/mcdonalds-angers-la-roseraie,https://www.google.com/search?q=ANGERS-LA-ROSERAIE-McDonald%27s-Boulevard-Eug%C3%A8ne-Chaumin-Centre-Commercial-G%C3%A9ant,"{'lundi': '10:30–23:00', 'mardi': '10:30–23:00', 'mercredi': '10:30–23:00', 'jeudi': '10:30–23:00', 'vendredi': '10:30–23:00', 'samedi': '10:30–23:00', 'dimanche': '10:30–23:00'}","3,4",,2135
McDonald's,"Centre Commercial Carrefour, Bd Gaston Ramon, 49000 Angers, France",+33 6 44 64 82 22,http://www.restaurants.mcdonalds.fr/mcdonalds-angers-saint-serge,https://www.google.com/search?q=ANGERS-SAINT-SERGE-McDonald%27s-C.cial-Carrefour-Saint-Serge-Bd-Gaston-Ramon,"{'lundi': '09:00–00:30', 'mardi': '09:00–00:30', 'mercredi': '09:00–00:30', 'jeudi': '09:00–00:00', 'vendredi': 'Ouvert 24h/24', 'samedi': 'Ouvert 24h/24', 'dimanche': '00:00–23:50'}","3,6",,3145
McDonald's,"16 Rue du Pont Lafleur, 91670 Angerville, France",+33 1 69 58 71 47,http://www.restaurants.mcdonalds.fr/mcdonalds-angerville,https://www.google.com/search?q=ANGERVILLE-McDonald%27s-Rue-Du-Pont-Lafleur,"{'lundi': '11:00–22:00', 'mardi': '11:00–22:00', 'mercredi': '11:00–22:00', 'jeudi': '11:00–22:00', 'vendredi': '11:00–22:30', 'samedi': '11:00–22:30', 'dimanche': '11:00–22:00'}","3,8",,2791
McDonald's,"Le Busquet, 78 Av. de Bayonne, 64600 Anglet, France",+33 5 59 52 26 26,http://www.restaurants.mcdonalds.fr/mcdonalds-anglet,https://www.google.com/search?q=ANGLET-McDonald%27s-Anglet-le-Busquet%22--Avenue-De-Bayonne%22,"{'lundi': '10:00–23:00', 'mardi': '10:00–23:00', 'mercredi': '10:00–23:00', 'jeudi': '10:00–23:00', 'vendredi': '10:00–23:00', 'samedi': '10:00–23:00', 'dimanche': '10:00–23:00'}","3,0",,3074
McDonald's,"Rue de L'Oustalot, Boulevard du BAB, Rdpt de Bahinos, 64600 Anglet, France",+33 5 59 55 64 68,http://www.restaurants.mcdonalds.fr/mcdonalds-anglet-bab,https://www.google.com/search?q=ANGLET-BAB-McDonald%27s-Anglet-Boulevard-Du-Bab-Rond-Point-De-Bahinos---Rue-De-L%27oustalot-Direction-les--Cantons%22%22,"{'lundi': '09:00–23:00', 'mardi': '09:00–23:00', 'mercredi': '09:00–23:00', 'jeudi': '09:00–23:00', 'vendredi': '09:00–23:00', 'samedi': '09:00–23:00', 'dimanche': '09:00–23:00'}","3,2",,1863
McDonald's Angoulins,"Centre Commercial Carrefour, Route de Rochefort, 17690 Angoulins, France",+33 5 46 56 26 07,http://www.restaurants.mcdonalds.fr/mcdonalds-angoulins,https://www.google.com/search?q=ANGOULINS-McDonald%27s-Centre-Commercial-Carrefour-Route-De-Rochefort,"{'lundi': '10:00–23:00', 'mardi': '10:00–23:00', 'mercredi': '10:00–23:00', 'jeudi': '10:00–23:00', 'vendredi': '10:00–23:00', 'samedi': '10:00–23:00', 'dimanche': '10:00–23:00'}","3,3",,2388
McDonald's,"Centre Commercial Carrefour, 134 Av. de Genève, 74000 Annecy, France",+33 9 67 17 38 50,http://www.restaurants.mcdonalds.fr/mcdonalds-annecy,https://www.google.com/search?q=ANNECY-McDonald%27s-Avenue-De-Gen%C3%A8ve,"{'équipier polyvalent 9 salaires publiés': '39 k CHF-48 k CHF 40 k CHF | 14 k CHF', 'lundi': '08:00–01:00', 'mardi': '08:00–01:00', 'mercredi': '08:00–01:00', 'jeudi': '08:00–01:00', 'vendredi': '08:00–03:00', 'samedi': '08:00–03:00', 'dimanche': '08:00–01:00'}","2,9",,1861
McDonald’s Annemasse,"Le Parc Du Chablais, Allée Simone Signoret, Pl. Antoine Lumière, 74100 Annemasse, France",+33 4 50 04 52 28,http://www.restaurants.mcdonalds.fr/mcdonalds-annemasse-cv,https://www.google.com/search?q=ANNEMASSE-CV-McDonald%27s-All%C3%A9e-Simone-Signoret-Place-Antoine-Lumi%C3%A8re-Le-Parc-Du-Chablais,"{'lundi': '10:00–23:30', 'mardi': '10:00–23:30', 'mercredi': '10:00–23:30', 'jeudi': '10:00–23:30', 'vendredi': '10:00–23:30', 'samedi': '10:00–23:30', 'dimanche': '10:00–23:30'}","2,7",,516
McDonald's,"Espace Léman, 2 Av. Pré Robert S, 74200 Anthy-sur-Léman, France",+33 4 50 71 06 43,http://www.restaurants.mcdonalds.fr/mcdonalds-anthy-sur-leman,https://www.google.com/search?q=ANTHY-SUR-LEMAN-McDonald%27s-Espace-L%C3%A9man,"{'lundi': '10:00–01:00', 'mardi': '10:00–01:00', 'mercredi': '10:00–01:00', 'jeudi': '10:00–01:00', 'vendredi': '10:00–01:00', 'samedi': '10:00–01:00', 'dimanche': '10:00–01:00'}","3,1",,3714
McDonald's,"Chemin de Saint Claude Centre Commercial Carrefour, 06600 Antibes, France",+33 4 93 95 16 85,http://www.restaurants.mcdonalds.fr/mcdonalds-antibes,https://www.google.com/search?q=ANTIBES-McDonald%27s-Centre-Commercial-Carrefourchemin-De-Saint-Claude,"{'lundi': '10:00–22:00', 'mardi': '10:00–22:00', 'mercredi': '10:00–22:00', 'jeudi': '10:00–22:00', 'vendredi': '10:00–22:00', 'samedi': '10:00–22:00', 'dimanche': '10:00–22:00'}","3,6",,2158
McDonald's,"1990 Rte de Grasse, 06600 Antibes, France",+33 4 92 91 00 00,http://www.restaurants.mcdonalds.fr/mcdonalds-antibes-nord,https://www.google.com/search?q=ANTIBES-NORD-McDonald%27s-Route-De-Grasse,"{'lundi': '10:00–00:00', 'mardi': '10:00–00:00', 'mercredi': '10:00–00:00', 'jeudi': '10:00–01:00', 'vendredi': '10:00–02:00', 'samedi': '10:00–02:00', 'dimanche': '10:00–02:00'}","3,7",,3408
McDonald's,"32 Av. de Cannes, 06160 JUAN LES PINS, France",+33 4 97 04 93 23,http://www.restaurants.mcdonalds.fr/mcdonalds-antibes-ouest,https://www.google.com/search?q=ANTIBES-OUEST-McDonald%27s-Avenue-De-Cannes,"{'lundi': '10:00–00:00', 'mardi': '10:00–00:00', 'mercredi': '10:00–00:00', 'jeudi': '10:00–00:00', 'vendredi': '10:00–01:00', 'samedi': '10:00–01:00', 'dimanche': '10:00–00:00'}","3,5",,1829
McDonald's,"31 Rue Auguste Mounié, 92160 Antony, France",+33 1 81 89 27 27,http://www.restaurants.mcdonalds.fr/mcdonalds-antony,https://www.google.com/search?q=ANTONY-McDonald%27s-Rue-Auguste-Mouni%C3%A9,"{'lundi': '07:30–00:00', 'mardi': '07:30–00:00', 'mercredi': '07:30–00:00', 'jeudi': '07:30–00:00', 'vendredi': '07:30–01:00', 'samedi': '07:30–01:00', 'dimanche': '07:30–01:00'}","3,2",,2782
McDonald's,"Zone commerciale, Le Petit Coudray, 72610 Arçonnay, France",+33 2 33 29 30 00,http://www.restaurants.mcdonalds.fr/mcdonalds-arconnay,https://www.google.com/search?q=ARCONNAY-McDonald%27s-Za-Du-Petit-Coudray,"{'lundi': '10:00–00:00', 'mardi': '10:00–00:00', 'mercredi': '10:00–00:00', 'jeudi': '10:00–00:00', 'vendredi': '10:00–01:00', 'samedi': '10:00–01:00', 'dimanche': '10:00–00:00'}","3,4",,2513
McDonald's,"Centre commercial La Vache Noire, Av. Aristide Briand, 94110 Arcueil, France",+33 1 49 85 93 76,http://www.restaurants.mcdonalds.fr/mcdonalds-arcueil-la-vache-noire,https://www.google.com/search?q=ARCUEIL-LA-VACHE-NOIRE-McDonald%27s-Centre-Commercial-La-Vache-Noire-Place-De-La-Vache-Noire--Avenue-Aristide-Briand,"{'lundi': '08:30–23:00', 'mardi': '08:30–23:00', 'mercredi': '08:30–23:00', 'jeudi': '08:30–23:00', 'vendredi': '08:30–02:00', 'samedi': '08:30–02:00', 'dimanche': '08:30–23:00'}","3,2",,1525
McDonald's,"Rte de Bordeaux, 33740 Arès, France",+33 5 57 17 00 10,http://www.restaurants.mcdonalds.fr/mcdonalds-ares,https://www.google.com/search?q=ARES-McDonald%27s-Route-De-Bordeaux,"{'lundi': '10:00–23:00', 'mardi': '10:00–23:00', 'mercredi': '10:00–23:00', 'jeudi': '10:00–23:00', 'vendredi': '10:00–00:00', 'samedi': '10:00–00:00', 'dimanche': '10:00–23:00'}","3,0",,2112
McDonald's,"Parking Centre Commercial Intermarché Sortie 10, 66700 Argelès-sur-Mer, France",+33 4 68 83 08 26,http://www.restaurants.mcdonalds.fr/mcdonalds-argeles,https://www.google.com/search?q=ARGELES-McDonald%27s-Parking-C.cial-Intermarch%C3%A9-Sortie-N%C2%B0,"{'lundi': '09:30–22:30', 'mardi': '09:30–22:30', 'mercredi': '09:30–22:30', 'jeudi': '09:30–22:30', 'vendredi': '09:30–22:30', 'samedi': '09:30–22:30', 'dimanche': '09:30–22:30'}","3,5",,3313
McDonald's,"Rue Hector Berlioz, 61200 Argentan, France",+33 2 33 39 36 00,http://www.restaurants.mcdonalds.fr/mcdonalds-argentan,https://www.google.com/search?q=ARGENTAN-McDonald%27s-Rue-Hector-Berlioz,"{'lundi': '10:00–23:00', 'mardi': '10:00–23:00', 'mercredi': '10:00–23:00', 'jeudi': '10:00–00:00', 'vendredi': '10:00–00:00', 'samedi': '10:00–00:00', 'dimanche': '10:00–23:00'}","3,6",,3351
McDonald's,"55 Rue Paul Vaillant Couturier, 95100 Argenteuil, France",+33 1 39 47 89 94,http://www.restaurants.mcdonalds.fr/mcdonalds-argenteuil,https://www.google.com/search?q=ARGENTEUIL-McDonald%27s-Rue-Paul-Vaillant-Couturier,"{'lundi': '09:00–23:00', 'mardi': '09:00–23:00', 'mercredi': '09:00–23:00', 'jeudi': '09:00–23:00', 'vendredi': '09:00–00:00', 'samedi': '09:00–00:00', 'dimanche': '09:00–23:00'}","3,6",,1857
McDonald's,"28, Rue Des Indes, Route Nationale 192, 95100 Argenteuil, France",+33 1 39 82 05 02,http://www.restaurants.mcdonalds.fr/mcdonalds-argenteuil-les-indes,https://www.google.com/search?q=ARGENTEUIL-LES-INDES-McDonald%27s-Rue-Des-Indesrn,"{'lundi': '10:00–00:00', 'mardi': '10:00–00:00', 'mercredi': '10:00–00:00', 'jeudi': '10:00–00:00', 'vendredi': '10:00–00:00', 'samedi': '10:00–00:00', 'dimanche': '10:00–00:00'}","3,1",,1752
McDonald's,"Centre Commercial Géant Casino Zone Fourchon, Av. du Maréchal Juin, 13200 Arles, France",+33 4 90 49 71 72,http://www.restaurants.mcdonalds.fr/mcdonalds-arles-fourchon,https://www.google.com/search?q=ARLES-FOURCHON-McDonald%27s-Centre-Commercial-G%C3%A9ant-Casino-Zone-Fourchon,"{'lundi': '09:00–23:00', 'mardi': '09:00–23:00', 'mercredi': '09:00–23:00', 'jeudi': '09:00–23:00', 'vendredi': '09:00–23:00', 'samedi': '09:00–23:00', 'dimanche': '10:00–23:00'}","3,2",,1928
,"Avenue de la Libération Centre commercial Leclerc Sarl Sivar, Rue Lucien Volle, 13200 Arles, France",+33 4 90 43 63 11,,https://www.google.com/search?q=ARLES-NORD-McDonald%27s-Rue-Lucien-Volle-Centre-Commercial-Leclerc-Sarl-Sivar-Avenue-De-La-Lib%C3%A9ration,"{'lundi': '10:30–22:30', 'mardi': '10:30–22:30', 'mercredi': '10:30–22:30', 'jeudi': '10:30–22:30', 'vendredi': '10:30–22:30', 'samedi': '10:30–22:30', 'dimanche': '11:00–22:30'}","3,3",,953
McDonald's,"99, Rue Des Résistants, D933, 59280 Armentières, France",+33 3 20 35 39 39,http://www.restaurants.mcdonalds.fr/mcdonalds-armentieres,https://www.google.com/search?q=ARMENTIERES-McDonald%27s-Rue-Des-R%C3%A9sistantsd,"{'lundi': '10:30–22:30', 'mardi': '10:30–22:30', 'mercredi': '10:30–22:30', 'jeudi': '10:30–22:30', 'vendredi': '10:30–23:00', 'samedi': '10:30–23:00', 'dimanche': '10:30–22:30'}","3,4",,2106
McDonald's,"102 Av. Winston Churchill, 62000 Arras, France",+33 3 21 23 65 12,http://www.restaurants.mcdonalds.fr/mcdonalds-arras,https://www.google.com/search?q=ARRAS-McDonald%27s-Avenue-Winston-Churchill,"{'lundi': '09:00–23:00', 'mardi': '09:00–23:00', 'mercredi': '09:00–23:00', 'jeudi': '09:00–23:00', 'vendredi': '09:00–00:00', 'samedi': '09:00–00:00', 'dimanche': '09:00–23:30'}","3,1",,3138
McDonald's,"ZAC Artenay Poupry Secteur, 45410 Artenay, France",+33 2 38 75 55 62,http://www.restaurants.mcdonalds.fr/mcdonalds-artenay,https://www.google.com/search?q=ARTENAY-McDonald%27s-Mcdonald%27szac-Artenay-Pouprysecteur-Autroche,"{'lundi': '10:00–22:30', 'mardi': '10:00–22:30', 'mercredi': '10:00–22:30', 'jeudi': '10:00–22:30', 'vendredi': '09:00–23:00', 'samedi': '09:00–23:00', 'dimanche': '09:00–23:00'}","2,7",,2441
McDonald's,"Zone Eurolacq, 2 Rue du Castera, 64170 Artix, France",+33 5 59 82 04 88,http://www.restaurants.mcdonalds.fr/mcdonalds-artix,https://www.google.com/search?q=ARTIX-McDonald%27s-Rue-Du-Cast%C3%A9ra---Zone-Eurolacq,"{'lundi': '10:00–22:30', 'mardi': '10:00–22:30', 'mercredi': '10:00–22:30', 'jeudi': '10:00–22:30', 'vendredi': '10:00–22:30', 'samedi': '10:00–22:30', 'dimanche': '10:00–22:30'}","3,5",,83
McDonald's,"8 Rue de la Station, 92600 Asnières-sur-Seine, France",+33 1 41 11 02 02,http://www.restaurants.mcdonalds.fr/mcdonalds-asnieres-centre,https://www.google.com/search?q=ASNIERES-CENTRE-McDonald%27s-Rue-De-La-Station,"{'lundi': '07:30–02:00', 'mardi': '07:30–02:00', 'mercredi': '07:30–02:00', 'jeudi': '07:30–02:00', 'vendredi': '07:30–02:00', 'samedi': '07:30–02:00', 'dimanche': '07:30–02:00'}","3,5",,2964
McDonald’s,"32 Rue Teddy Riner, 92600 Asnières-sur-Seine, France",+33 1 47 93 28 97,https://www.mcdonalds.fr/restaurants/mcdonalds-asnieres-reloc/1654,https://www.google.com/search?q=ASNIERES-RELOC-McDonald%27s-Rue-Teddy-Rinner,"{'lundi': '09:00–02:00', 'mardi': '09:00–02:00', 'mercredi': '09:00–02:00', 'jeudi': '09:00–02:00', 'vendredi': '09:00–04:00', 'samedi': '09:00–04:00', 'dimanche': '09:00–02:00'}","3,3",,3198
,,,,https://www.google.com/search?q=ASSEVILLERS-A1-EST-AREAS-ORIGINALS-McDonald%27s-Aire-D%E2%80%99autoroute-D%E2%80%99assevillers-Est-(sens-Paris-lille),"{'blackrock advisors llc 5,549 %': '39 768 068', 'state street corporation 4,824 %': '34 571 514', 'jpmorgan investment management, inc. 3,674 %': '26 329 348', 'geode capital management llc 2,221 %': '15 916 980'}",,,
,,,,https://www.google.com/search?q=ASSEVILLERS-A1-OUEST-AREAS-McDonald%27s-Autoroute--(sens-Lille-paris),{},,,
McDonald's,"Rn Route Nationale 7, 7 Av. François Mitterrand, 91200 Athis-Mons, France",+33 1 69 38 04 04,http://www.restaurants.mcdonalds.fr/mcdonalds-athis-mons,https://www.google.com/search?q=ATHIS-MONS-McDonald%27s-Avenue-Fran%C3%A7ois-Mitterrand-Rn,"{'lundi': '10:30–02:00', 'mardi': '10:30–02:00', 'mercredi': '10:30–02:00', 'jeudi': '10:30–02:00', 'vendredi': '10:30–03:00', 'samedi': '10:30–03:00', 'dimanche': '10:30–02:00'}","3,1",,1934
McDonald's,"Angle, RN8, Av. Manouchian, 13400 Aubagne, France",+33 4 42 08 98 49,http://www.restaurants.mcdonalds.fr/mcdonalds-aubagne-cami,https://www.google.com/search?q=AUBAGNE-CAMI-McDonald%27s-Angle-Av.-Manouchian,"{'lundi': '09:00–23:00', 'mardi': '09:00–23:00', 'mercredi': '09:00–23:00', 'jeudi': '09:00–23:00', 'vendredi': '09:00–23:00', 'samedi': '09:00–23:00', 'dimanche': '09:00–23:00'}","3,1",,976
McDonald's,"Rte de Gémenos, 13400 Aubagne, France",+33 4 42 32 62 08,http://www.restaurants.mcdonalds.fr/mcdonalds-aubagne-les-paluds,https://www.google.com/search?q=AUBAGNE-LES-PALUDS-McDonald%27s-Route-De-Gemenos-Quartier-Des-Jonquiers,"{'lundi': '08:30–00:00', 'mardi': '08:30–00:00', 'mercredi': '08:30–00:00', 'jeudi': '08:30–00:00', 'vendredi': '08:30–00:30', 'samedi': '08:30–00:30', 'dimanche': '08:30–00:00'}","3,4",,2291
McDonald's,"1 Rue de la Sardonne, 07200 Aubenas, France",+33 4 75 35 43 43,http://www.restaurants.mcdonalds.fr/mcdonalds-aubenas,https://www.google.com/search?q=AUBENAS-McDonald%27s-Rue-De-La-Sardonne,"{'bank of america': '1,87%', 'morgan stanley': '1,87%', 'banque centrale de norvège': '1,27%', 'the capital group companies': '1,22%', 'lundi': '09:30–00:00', 'mardi': '09:30–00:00', 'mercredi': '09:30–00:00', 'jeudi': '09:30–23:00', 'vendredi': '09:30–00:00', 'samedi': '09:30–00:00', 'dimanche': '09:30–00:00'}","3,6",,3833
,"158 Av. Victor Hugo N301, 93300 Aubervilliers, France",+33 1 48 34 60 60,,https://www.google.com/search?q=AUBERVILLIERS-MARCHE-McDonald%27s-Avenue-Victor-Hugo-Rn,"{'lundi': '11:00–00:00', 'mardi': '11:00–00:00', 'mercredi': '11:00–00:00', 'jeudi': '11:00–00:00', 'vendredi': '11:00–04:00', 'samedi': '11:00–04:00', 'dimanche': '11:30–00:00'}","3,1",,1274
McDonald's,"34 Av. du Roussillon, 63170 Aubière, France",+33 4 73 27 13 08,http://www.restaurants.mcdonalds.fr/mcdonalds-aubiere,https://www.google.com/search?q=AUBIERE-McDonald%27s-Avenue-Du-Roussillon,"{'lundi': '10:00–23:00', 'mardi': '10:00–23:00', 'mercredi': '10:00–23:00', 'jeudi': '10:00–23:00', 'vendredi': '10:00–00:00', 'samedi': '10:00–00:00', 'dimanche': '10:00–23:00'}","3,5",,1444
McDonald's,"28-30 Av. de l'Yser, 32000 Auch, France",+33 5 62 60 27 23,http://www.restaurants.mcdonalds.fr/mcdonalds-auch,https://www.google.com/search?q=AUCH-McDonald%27s-Avenue-De-L%27yser,"{'lundi': '10:30–23:00', 'mardi': '10:30–23:00', 'mercredi': '10:30–23:00', 'jeudi': '10:30–23:00', 'vendredi': '10:30–23:00', 'samedi': '10:30–23:00', 'dimanche': '10:30–23:00'}","3,4",,2567
McDonald's,"2 Rue Paul Valéry, 32000 Auch, France",+33 5 62 58 79 66,http://www.restaurants.mcdonalds.fr/mcdonalds-auch-2,https://www.google.com/search?q=AUCH-2-McDonald%27s-Parking-Leclerc--Rue-Paul-Val%C3%A9ry,"{'lundi': '10:30–23:00', 'mardi': '10:30–23:00', 'mercredi': '10:30–23:00', 'jeudi': '10:30–23:00', 'vendredi': '10:30–23:00', 'samedi': '10:30–23:00', 'dimanche': '10:30–23:00'}","3,7",,816
McDonald's,"Rd Route départementale 183, 183 Bd de la Paix, 62260 Auchel, France",+33 3 21 62 15 14,http://www.restaurants.mcdonalds.fr/mcdonalds-auchel,https://www.google.com/search?q=AUCHEL-McDonald%27s-Boulevard-De-La-Paix-Rd,"{'lundi': '09:30–22:30', 'mardi': '09:30–22:30', 'mercredi': '09:30–22:30', 'jeudi': '09:30–22:30', 'vendredi': '09:30–23:00', 'samedi': '09:30–23:00', 'dimanche': '09:30–22:30'}","3,8",,1715
,,,,https://www.google.com/search?q=AUCHY-LES-MINES-McDonald%27s-Angle-Rn--Et-Ancienne-Route-Nationale-Le-Marais-Est,{},,,
,,,,https://www.google.com/search?q=AUDINCOURT-McDonald%27s-Zi-Les-Arbletiers-Rue-De-Jal%C3%A9sie,{},,,
McDonald's,"1000 Av. des Alliés, 62370 Audruicq, France",+33 3 21 85 50 02,http://www.restaurants.mcdonalds.fr/mcdonalds-audruicq,https://www.google.com/search?q=AUDRUICQ-McDonald%27s-Mcdonald%27s,"{'lundi': '10:30–22:00', 'mardi': '10:30–22:00', 'mercredi': '10:30–22:00', 'jeudi': '10:30–22:00', 'vendredi': '10:30–22:30', 'samedi': '10:30–22:30', 'dimanche': '10:30–22:00'}","3,8",,1488
McDonald's,"Rue du Luxembourg, 57390 Audun-le-Tiche, France",+33 3 82 52 17 83,http://www.restaurants.mcdonalds.fr/mcdonalds-audun-le-tiche,https://www.google.com/search?q=AUDUN-LE-TICHE-McDonald%27s-Rue-Du-Luxembourg-(en-Face-Du-Carrefour-Market),"{'lundi': '10:00–23:00', 'mardi': '10:00–23:00', 'mercredi': '10:00–23:00', 'jeudi': '10:00–23:00', 'vendredi': '10:00–23:00', 'samedi': '10:00–23:00', 'dimanche': '10:00–23:00'}","2,7",,2041
McDonald's,"Lotissement Les Gravières Les Metz FR, Route Nationale 57, 57685 Augny, France",+33 3 87 38 35 61,http://www.restaurants.mcdonalds.fr/mcdonalds-augny-les-metz,https://www.google.com/search?q=AUGNY-LES-METZ-McDonald%27s-Lotissement-Les-Gravi%C3%A8res,"{'lundi': '11:00–23:00', 'mardi': '11:00–23:00', 'mercredi': '11:00–23:00', 'jeudi': '11:00–23:00', 'vendredi': '11:00–00:00', 'samedi': '11:00–00:00', 'dimanche': '11:00–23:00'}","3,4",,2645
McDonald's,"51 Rue Charles de Gaulle, 93600 Aulnay-sous-Bois, France",+33 1 48 79 87 44,http://www.restaurants.mcdonalds.fr/mcdonalds-aulnay,https://www.google.com/search?q=AULNAY-McDonald%27s-Avenue-Charles-De-Gaulle,"{'lundi': '00:00–06:59, 07:00–00:00', 'mardi': '00:00–06:59, 07:00–00:00', 'mercredi': '00:00–06:59, 07:00–00:00', 'jeudi': '00:00–06:59, 07:00–00:00', 'vendredi': '00:00–06:59, 07:00–00:00', 'samedi': '00:00–06:59, 07:00–00:00', 'dimanche': '00:00–06:59, 07:00–00:00'}","3,5",,4066
McDonald's,"Centre Commercial O'Parinor, 93600 Aulnay-sous-Bois, France",+33 1 48 65 57 06,http://www.restaurants.mcdonalds.fr/mcdonalds-aulnay-parinor-1,https://www.google.com/search?q=AULNAY-PARINOR-1-McDonald%27s-C.cial-O%27parinor,"{'lundi': '09:00–22:00', 'mardi': '09:00–22:00', 'mercredi': '09:00–22:00', 'jeudi': '09:00–22:00', 'vendredi': '09:00–22:00', 'samedi': '09:00–22:00', 'dimanche': '09:00–22:00'}","3,3",,2650
McDonald's,"Carrefour Biderman, Rue Jules Mousseron, 59300 Aulnoy-Lez-Valenciennes, France",+33 3 27 33 70 70,http://www.restaurants.mcdonalds.fr/mcdonalds-aulnoy-les-valenciennes,https://www.google.com/search?q=AULNOY-LES-VALENCIENNES-McDonald%27s-Carrefour-Biderman,"{'lundi': '09:00–23:00', 'mardi': '09:00–23:00', 'mercredi': '09:00–23:00', 'jeudi': '09:00–00:00', 'vendredi': '09:00–00:00', 'samedi': '09:00–00:00', 'dimanche': '09:00–23:30'}","3,3",,2540
McDonald's,"Carrefour de Toul-Garros, Za De Kerbois Carrefour De Toul-garros, 56400 Imp. Colbert Face Leclerc, 56400 Auray, France",+33 2 97 50 70 70,http://www.restaurants.mcdonalds.fr/mcdonalds-auray,https://www.google.com/search?q=AURAY-McDonald%27s-Za-De-Kerbois-Carrefour-De-Toul-garros-Face-Leclerc,"{'lundi': '10:00–23:30', 'mardi': '10:00–23:30', 'mercredi': '10:00–23:30', 'jeudi': '10:00–23:30', 'vendredi': '10:00–00:00', 'samedi': '10:00–00:00', 'dimanche': '10:00–23:30'}","3,2",,3351
McDonald's,"Av. des Volontaires, 15000 Aurillac, France",+33 4 71 64 17 17,http://www.restaurants.mcdonalds.fr/mcdonalds-aurillac,https://www.google.com/search?q=AURILLAC-McDonald%27s-Avenue-Des-Volontaires,"{'lundi': '09:00–00:00', 'mardi': '09:00–00:00', 'mercredi': '09:00–00:00', 'jeudi': '09:00–00:00', 'vendredi': '09:00–00:00', 'samedi': '09:00–00:00', 'dimanche': '09:00–00:00'}","3,1",,3002
McDonald's,"N122, 15000 Aurillac, France",+33 4 71 47 55 70,https://www.mcdonalds.fr/restaurants/mcdonalds-aurillac-la-sabliere/1630,https://www.google.com/search?q=AURILLAC-LA-SABLIERE-McDonald%27s-Zac-De-La-Sabli%C3%A8re-Route-De-Toulouse-Rn,"{'lundi': '10:00–23:00', 'mardi': '10:00–23:00', 'mercredi': '10:00–23:00', 'jeudi': '10:00–23:00', 'vendredi': '10:00–23:00', 'samedi': '10:00–23:00', 'dimanche': '10:00–23:00'}","3,7",,1417
McDonald's,"Market, ZC Carrefour Market, 85, Route De Toulouse Zone Commerciale Carrefour, 31190 Auterive, France",+33 5 61 86 82 72,http://www.restaurants.mcdonalds.fr/mcdonalds-auterive,https://www.google.com/search?q=AUTERIVE-McDonald%27s-Route-De-Toulouse-Zone-Commerciale-Carrefour-Market,"{'lundi': '09:00–23:30', 'mardi': '09:00–23:30', 'mercredi': '09:00–23:30', 'jeudi': '09:00–23:30', 'vendredi': '09:00–01:00', 'samedi': '09:00–00:00', 'dimanche': '09:00–23:30'}","3,2",,2575
McDonald's,"Pont L'evêque, Lieu dit Pont L'Evêque, 1 Rte de Chalon Lieu Dit, 71400 Autun, France",+33 3 85 86 34 05,http://www.restaurants.mcdonalds.fr/mcdonalds-autun,https://www.google.com/search?q=AUTUN-McDonald%27s-Route-De-Chalon---Lieu-Dit-Pont-L%27ev%C3%AAque,"{'lundi': '10:30–23:00', 'mardi': '10:30–23:00', 'mercredi': '10:30–23:00', 'jeudi': '10:30–23:00', 'vendredi': '10:30–23:00', 'samedi': '10:30–23:00', 'dimanche': '10:30–23:00'}","3,1",,2100
McDonald's,"Parc d'Activités des Clairions, 89000 Auxerre, France",+33 3 86 42 35 10,http://www.restaurants.mcdonalds.fr/mcdonalds-auxerre-clairions,https://www.google.com/search?q=AUXERRE-CLAIRIONS-McDonald%27s-Parc-D%27activit%C3%A9s-Des-Clairions,"{'lundi': '10:00–00:00', 'mardi': '10:00–00:00', 'mercredi': '10:00–00:00', 'jeudi': '10:00–00:00', 'vendredi': '10:00–01:00', 'samedi': '10:00–01:00', 'dimanche': '10:00–00:00'}","2,9",,5476
McDonald's,"49 Rue du Sabot, 21130 Auxonne, France",+33 3 80 74 18 26,http://www.restaurants.mcdonalds.fr/mcdonalds-auxonne,https://www.google.com/search?q=AUXONNE-McDonald%27s-Rue-Du-Sabot,"{'lundi': '10:30–22:30', 'mardi': '10:30–22:30', 'mercredi': '10:30–22:30', 'jeudi': '10:30–22:30', 'vendredi': '10:30–22:30', 'samedi': '10:30–22:30', 'dimanche': '10:30–22:30'}","3,6",,467
McDonald's,"Rue du Général Leclerc, 89200 Avallon, France",+33 3 86 34 58 29,http://www.restaurants.mcdonalds.fr/mcdonalds-avallon,https://www.google.com/search?q=AVALLON-McDonald%27s-Avenue-Du-G%C3%A9n%C3%A9ral-Leclerc,"{'lundi': '09:00–23:00', 'mardi': '09:00–23:00', 'mercredi': '09:00–23:00', 'jeudi': '09:00–23:00', 'vendredi': '09:00–23:30', 'samedi': '09:00–23:30', 'dimanche': '09:00–23:00'}","3,3",,2173
McDonald's,"100 Rte de Paris, 03000 Avermes, France",+33 4 70 45 71 33,http://www.restaurants.mcdonalds.fr/mcdonalds-avermes,https://www.google.com/search?q=AVERMES-McDonald%27s-Mcdonald%27schemin-Du-Pont-Du-Diableroute-De-Paris,"{'lundi': '10:00–23:00', 'mardi': '10:00–23:00', 'mercredi': '10:00–23:00', 'jeudi': '10:00–23:00', 'vendredi': '10:00–23:30', 'samedi': '10:00–23:30', 'dimanche': '10:00–23:00'}","3,7",,1199
McDonald's,"23 Rue de la République, 84000 Avignon, France",+33 4 90 16 36 31,http://www.restaurants.mcdonalds.fr/mcdonalds-avignon-centre,https://www.google.com/search?q=AVIGNON-CENTRE-McDonald%27s-Rue-De-La-R%C3%A9publique,"{'lundi': '08:00–23:00', 'mardi': '08:00–23:00', 'mercredi': '08:00–23:00', 'jeudi': '08:00–23:00', 'vendredi': '08:00–00:00', 'samedi': '08:00–00:00', 'dimanche': '08:00–23:00'}","3,6",,2173
McDonald's,"Courtine Lieu dit le Grand Gigognan, Rue Sainte-Geneviève, 84000 Avignon, France",+33 4 90 88 45 25,http://www.restaurants.mcdonalds.fr/mcdonalds-avignon-courtine,https://www.google.com/search?q=AVIGNON-COURTINE-McDonald%27s-Avignon-Courtine-Lieu-Dit-Le-Grand-Gigognan-Rue-Sainte-Genevi%C3%A8ve,"{'lundi': '10:00–23:00', 'mardi': '10:00–23:00', 'mercredi': '10:00–23:00', 'jeudi': '10:00–23:00', 'vendredi': '10:00–00:00', 'samedi': '10:00–00:00', 'dimanche': '10:00–23:00'}","3,6",,1793
McDonald's,"4 Av. Fontcouverte, 84000 Avignon, France",+33 4 32 74 13 23,http://www.restaurants.mcdonalds.fr/mcdonalds-avignon-fontcouverte,https://www.google.com/search?q=AVIGNON-FONTCOUVERTE-McDonald%27s-Avenue-De-Fontcouverte,"{'lundi': '10:00–23:00', 'mardi': '10:00–23:00', 'mercredi': '10:00–23:00', 'jeudi': '10:00–23:00', 'vendredi': '10:00–23:00', 'samedi': '10:00–23:00', 'dimanche': '10:00–23:00'}","3,6",,1410
McDonald's,"La Cristole - Clos du Grand Fresquière, 132, Rue Du S- Marin Casabianca Mft, Route Nationale 7, 84140 Avignon, France",+33 4 90 89 88 60,http://www.restaurants.mcdonalds.fr/mcdonalds-avignon-la-cristole,https://www.google.com/search?q=AVIGNON-LA-CRISTOLE-McDonald%27s-Rue-Du-S--Marin-Casabianca-Mft,"{'lundi': 'Ouvert 24h/24', 'mardi': 'Ouvert 24h/24', 'mercredi': 'Ouvert 24h/24', 'jeudi': 'Ouvert 24h/24', 'vendredi': 'Ouvert 24h/24', 'samedi': 'Ouvert 24h/24', 'dimanche': 'Ouvert 24h/24'}","3,3",,2122
McDonald's,"Centre Commercial Auchan, Route de Carpentras ZI Saint Tronquet, 84130 Le Pontet, France",+33 4 90 32 40 50,http://www.restaurants.mcdonalds.fr/mcdonalds-avignon-le-pontet,https://www.google.com/search?q=AVIGNON-LE-PONTET-McDonald%27s-Zi-St-Tronquet-centre-Commercial-Auchan-Route-De-Carpentras,"{'lundi': '08:00–01:00', 'mardi': '08:30–23:00', 'mercredi': '08:00–01:00', 'jeudi': '08:00–01:00', 'vendredi': '08:00–01:00', 'samedi': '08:00–01:00', 'dimanche': '08:00–01:00'}","3,6",,4590
McDonald's,"ZAC Grand Angle, 30133 Les Angles, France",+33 4 90 26 02 30,http://www.restaurants.mcdonalds.fr/mcdonalds-avignon-les-angles,https://www.google.com/search?q=AVIGNON-LES-ANGLES-McDonald%27s-Zac-Grand-Angle,"{'lundi': '09:00–00:00', 'mardi': '09:00–00:00', 'mercredi': '09:00–00:00', 'jeudi': '09:00–00:00', 'vendredi': '09:00–00:00', 'samedi': '09:00–00:00', 'dimanche': '09:00–00:00'}","3,7",,2522
McDonald's,"62 Av. de Valvins, 77210 Avon, France",+33 1 60 74 04 11,http://www.restaurants.mcdonalds.fr/mcdonalds-avon,https://www.google.com/search?q=AVON-McDonald%27s-Avenue-De-Valvins,"{'lundi': '10:00–23:00', 'mardi': '10:00–23:00', 'mercredi': '10:00–23:00', 'jeudi': '10:00–23:00', 'vendredi': '10:00–00:00', 'samedi': '10:00–00:00', 'dimanche': '10:00–23:00'}","3,2",,1980
McDonald's,"ZA Les Marsandes, Rue Louise de Vilmorin, 91630 Avrainville, France",+33 1 64 91 25 28,http://www.restaurants.mcdonalds.fr/mcdonalds-avrainville,https://www.google.com/search?q=AVRAINVILLE-McDonald%27s-Za-Les-Marsandes,"{'lundi': '10:00–01:00', 'mardi': '10:30–01:00', 'mercredi': '10:30–01:00', 'jeudi': '10:30–01:00', 'vendredi': '10:30–02:00', 'samedi': '10:30–02:00', 'dimanche': '10:30–01:00'}","3,6",,5078
McDonald's,"Rond-Point de Moncreton, 50300 Avranches, France",+33 2 33 79 43 00,http://www.restaurants.mcdonalds.fr/mcdonalds-avranches,https://www.google.com/search?q=AVRANCHES-McDonald%27s-Rond-point-De-Montcreton,"{'lundi': '10:00–23:00', 'mardi': '10:00–23:00', 'mercredi': '10:00–23:00', 'jeudi': '10:00–23:00', 'vendredi': '10:00–23:00', 'samedi': '10:00–23:00', 'dimanche': '10:00–23:00'}","3,3",,3605
McDonald's,"Centre Commercial Auchan Route Nationale, 6 La Croix Cadeau, 49240 Avrillé, France",+33 7 55 54 69 10,http://www.restaurants.mcdonalds.fr/mcdonalds-avrille,https://www.google.com/search?q=AVRILLE-McDonald%27s-C.cial-Auchan-La-Croix-Cadeau--Route-Nationale,"{'lundi': '10:30–23:00', 'mardi': '10:30–23:00', 'mercredi': '10:30–23:00', 'jeudi': '10:30–23:00', 'vendredi': '10:30–23:30', 'samedi': '10:30–23:30', 'dimanche': '10:30–23:00'}","3,2",,1643
McDonald's Ayguesvives,"31 Chem. de la Val Priout, 31450 Ayguesvives, France",+33 5 61 45 27 52,https://www.mcdonalds.fr/,https://www.google.com/search?q=AYGUESVIVES-McDonald%27s-De-Ayguevivesrd--Du-Val-Priout,"{'blackrock advisors llc 5,549 %': '39 768 068', 'state street corporation 4,824 %': '34 571 514', 'jpmorgan investment management, inc. 3,674 %': '26 329 348', 'geode capital management llc 2,221 %': '15 916 980', 'lundi': '09:00–23:30', 'mardi': '09:00–23:30', 'mercredi': '09:00–23:30', 'jeudi': '09:00–23:30', 'vendredi': '09:00–23:30', 'samedi': '09:00–23:30', 'dimanche': '09:00–23:30'}","3,1",,610
McDonald's,"Centre Commercial Auchan Bel Est, 28 Av. du Général de Gaulle, 93170 Bagnolet, France",+33 1 49 72 02 45,http://www.restaurants.mcdonalds.fr/mcdonalds-bagnolet,https://www.google.com/search?q=BAGNOLET-McDonald%27s-Avenue-Du-G%C3%A9n%C3%A9ral-De-Gaulle-Centre-Cial-Bel-Est,"{'lundi': '10:00–01:15', 'mardi': '10:00–01:15', 'mercredi': '10:00–01:15', 'jeudi': '10:00–01:15', 'vendredi': '10:00–01:15', 'samedi': '10:00–01:15', 'dimanche': '10:00–01:15'}","3,7",,2801
McDonald's,"Rte de Saint-Gervais, 30200 Bagnols-sur-Cèze, France",+33 4 66 82 31 90,http://www.restaurants.mcdonalds.fr/mcdonalds-bagnols-sur-ceze,https://www.google.com/search?q=BAGNOLS-SUR-CEZE-McDonald%27s-Route-De-St-Gervais,"{'lundi': '11:00–22:30', 'mardi': '11:00–22:30', 'mercredi': '11:00–22:30', 'jeudi': '11:00–22:30', 'vendredi': '11:00–23:00', 'samedi': '11:00–23:00', 'dimanche': '11:00–22:30'}","3,2",,2407
McDonald's,"103 Av. de la Biste, 34670 Baillargues, France",+33 4 67 75 07 31,http://www.restaurants.mcdonalds.fr/mcdonalds-baillargues-la-biste,https://www.google.com/search?q=BAILLARGUES-LA-BISTE-McDonald%27s-Avenue-De-La-Biste,"{'lundi': '09:30–01:00', 'mardi': '09:30–01:00', 'mercredi': '09:30–01:00', 'jeudi': '09:30–01:00', 'vendredi': '09:30–03:00', 'samedi': '09:30–03:00', 'dimanche': '09:30–01:00'}","3,1",,2420
McDonald's,"Centre Commercial Leclerc, Av. des Nations Unies, 59270 Bailleul, France",+33 3 28 41 85 77,http://www.restaurants.mcdonalds.fr/mcdonalds-bailleul-leclerc,https://www.google.com/search?q=BAILLEUL-LECLERC-McDonald%27s-Avenue-Des-Nations-Unies-Centre-Commercial-Leclerc,"{'lundi': '10:30–22:30', 'mardi': '10:30–22:30', 'mercredi': '10:30–22:30', 'jeudi': '10:30–22:30', 'vendredi': '10:30–22:30', 'samedi': '10:30–22:30', 'dimanche': '10:30–22:30'}","3,5",,1737
McDonald's,"III, 1, Rue des Estuaires, Château Gaillard ZA, 35470 Bain-de-Bretagne, France",+33 2 99 43 88 24,http://www.restaurants.mcdonalds.fr/mcdonalds-bain-de-bretagne,https://www.google.com/search?q=BAIN-DE-BRETAGNE-McDonald%27s-Z.a.-Ch%C3%A2teau-Gaillard--Rue-Des-Estuaires,"{'lundi': '09:00–00:00', 'mardi': '09:00–00:00', 'mercredi': '09:00–00:00', 'jeudi': '09:00–00:00', 'vendredi': '09:00–02:00', 'samedi': '09:00–02:00', 'dimanche': '09:00–00:00'}","3,2",,3016
McDonald's,"Chemin Des Charbonnières Centre Commercial Carrefour - ZAC Commerciale et de Loisirs, 34540 Balaruc-le-Vieux, France",+33 4 67 43 26 43,http://www.restaurants.mcdonalds.fr/mcdonalds-balaruc,https://www.google.com/search?q=BALARUC-McDonald%27s-Chemin-Des-Charbonni%C3%A8res,"{'bank of america': '1,87%', 'morgan stanley': '1,87%', 'banque centrale de norvège': '1,27%', 'the capital group companies': '1,22%', 'lundi': '08:30–23:30', 'mardi': '08:30–23:30', 'mercredi': '08:30–23:30', 'jeudi': '08:30–23:30', 'vendredi': '08:30–01:00', 'samedi': '08:30–01:00', 'dimanche': '08:30–23:30'}","3,4",,3164
McDonald's,"De Balma Ottu Eurl Route De Castres, 74 OTTU EURL, 31130 Balma, France",+33 5 61 54 43 07,http://www.restaurants.mcdonalds.fr/mcdonalds-balma,https://www.google.com/search?q=BALMA-McDonald%27s-De-Balma-Ottu-Eurl--Route-De-Castres,"{'lundi': '09:00–23:00', 'mardi': '09:00–23:00', 'mercredi': '09:00–23:00', 'jeudi': '09:00–23:00', 'vendredi': '09:00–23:00', 'samedi': '09:00–23:00', 'dimanche': '09:00–23:00'}","3,2",,1574
McDonald's,"Route Départementale 930 Péage Autotoute, 62450 Bapaume, France",+33 3 21 50 29 00,http://www.restaurants.mcdonalds.fr/mcdonalds-bapaume,https://www.google.com/search?q=BAPAUME-McDonald%27s-Route-D%C3%A9partementale--P%C3%A9age-Autotoute,"{'lundi': '09:00–17:00', 'mardi': '09:00–22:30', 'mercredi': '09:00–22:30', 'jeudi': '09:00–22:30', 'vendredi': '09:00–23:00', 'samedi': '09:00–23:00', 'dimanche': '09:00–22:30'}","3,9",,3988
McDonald's,"Lieu dit Plan de, Chemin des Crots, 05200 Baratier, France",+33 4 92 43 62 45,http://www.restaurants.mcdonalds.fr/mcdonalds-baratier,https://www.google.com/search?q=BARATIER-McDonald%27s-Lieu-Dit-Plan-De-Crots,"{'lundi': '10:30–22:30', 'mardi': '10:30–22:30', 'mercredi': '10:30–22:30', 'jeudi': '10:30–22:30', 'vendredi': '10:30–23:00', 'samedi': '10:30–23:00', 'dimanche': '10:30–22:30'}","3,2",,2119
,"2 Rte de St Seurin, 16300 Barbezieux-Saint-Hilaire, France",+33 5 45 98 43 57,,https://www.google.com/search?q=BARBEZIEUX-SAINT-HILAIRE-McDonald%27s-Route-De-Saint-Seurin,"{'lundi': '10:30–23:00', 'mardi': '10:30–23:00', 'mercredi': '10:30–23:00', 'jeudi': '10:30–23:00', 'vendredi': '10:30–23:00', 'samedi': '10:30–23:30', 'dimanche': '10:30–23:30'}","3,7",,325
McDonald's,"Zone Commerciale de la Torche, 45 Rue des Pierres Missigault, 28630 Barjouville, France",+33 2 37 28 92 61,http://www.restaurants.mcdonalds.fr/mcdonalds-barjouville,https://www.google.com/search?q=BARJOUVILLE-McDonald%27s-Zone-Commerciale-De-La-Torche,"{'lundi': '09:00–23:00', 'mardi': '09:00–23:00', 'mercredi': '09:00–23:00', 'jeudi': '09:00–23:00', 'vendredi': '09:00–00:00', 'samedi': '09:00–00:00', 'dimanche': '10:00–23:00'}","3,3",,2489
McDonald's,"2A Rue des Romains, 55000 Bar-le-Duc, France",+33 3 29 79 00 16,http://www.restaurants.mcdonalds.fr/mcdonalds-bar-le-duc,https://www.google.com/search?q=BAR-LE-DUC-McDonald%27s-Rue-Des-Romains,"{'lundi': '10:00–23:00', 'mardi': '10:00–23:00', 'mercredi': '10:00–23:00', 'jeudi': '10:00–23:00', 'vendredi': '10:00–23:00', 'samedi': '10:00–23:00', 'dimanche': '10:00–23:00'}","3,3",,2008
McDonald's,"24 Av. du Général Leclerc, 10200 Bar-sur-Aube, France",+33 3 25 57 16 60,http://www.restaurants.mcdonalds.fr/mcdonalds-bar-sur-aube,https://www.google.com/search?q=BAR-SUR-AUBE-McDonald%27s-Avenue-Du-G%C3%A9n%C3%A9ral-Leclerc,"{'lundi': '10:00–22:00', 'mardi': '10:00–22:00', 'mercredi': '10:00–22:00', 'jeudi': '10:00–22:00', 'vendredi': '10:00–22:00', 'samedi': '10:00–22:00', 'dimanche': '10:00–22:00'}","3,3",,1947
McDonald's,"149, Route de Clisson Les Challonges Centre Commercial Leclerc, Route Nationale 149, 44115 Basse-Goulaine, France",+33 2 40 34 47 89,http://www.restaurants.mcdonalds.fr/mcdonalds-basse-goulaine,https://www.google.com/search?q=BASSE-GOULAINE-McDonald%27s-Centre-Commercial-Leclerc,"{'lundi': '10:00–00:00', 'mardi': '10:00–00:00', 'mercredi': '10:00–00:00', 'jeudi': '10:00–00:30', 'vendredi': '10:00–00:30', 'samedi': '10:00–00:30', 'dimanche': '10:00–00:30'}","2,5",,3207
McDonald's,"Bd d'Eindhoven, 14400 Bayeux, France",+33 2 31 51 08 08,http://www.restaurants.mcdonalds.fr/mcdonalds-bayeux,https://www.google.com/search?q=BAYEUX-McDonald%27s-Boulevard-D%27eindhoven,"{'state street corporation': '4,83%', 'jp morgan chase': '2,56%', 'geode capital management': '2,19%', 'wellington management company': '2,08%', 'lundi': '10:30–23:00', 'mardi': '10:30–23:00', 'mercredi': '10:30–23:00', 'jeudi': '10:30–23:00', 'vendredi': '10:30–23:00', 'samedi': '10:30–23:00', 'dimanche': '10:30–23:00'}","2,5",,3755
McDonald's,"Sortie Autoroute, chemin D'aroussets intermarché, Rdpt du Grand Basque, 64100 Bayonne, France",+33 5 59 55 05 63,http://www.restaurants.mcdonalds.fr/mcdonalds-bayonne-saint-esprit,https://www.google.com/search?q=BAYONNE-SAINT-ESPRIT-McDonald%27s-Bayonne-grand-Basque%22chemin-D%27aroussetsintermarch%C3%A9---Sortie-Autoroute-Bayonne-Nord%22,"{'lundi': '10:00–23:00', 'mardi': '10:00–23:00', 'mercredi': '10:00–23:00', 'jeudi': '10:00–23:00', 'vendredi': '10:00–23:00', 'samedi': '10:00–23:00', 'dimanche': '10:00–23:00'}","3,1",,3711
McDonald's,"Centre Commercial Carrefour, Av. de Farciennes, 30300 Beaucaire, France",+33 4 66 59 42 69,http://www.restaurants.mcdonalds.fr/mcdonalds-beaucaire,https://www.google.com/search?q=BEAUCAIRE-McDonald%27s-C.cial-Carrefour-Avenue-Des-Farciennes,"{'lundi': '10:00–22:30', 'mardi': '10:00–22:30', 'mercredi': '10:00–22:30', 'jeudi': '10:00–22:30', 'vendredi': '10:00–23:00', 'samedi': '10:00–23:00', 'dimanche': '10:00–22:30'}","3,0",,1442
McDonald's,"Ecoparc du Buisson, Rue Eugène Vallin, 49070 Beaucouzé, France",+33 7 55 54 69 20,http://www.restaurants.mcdonalds.fr/mcdonalds-beaucouze,https://www.google.com/search?q=BEAUCOUZE-McDonald%27s-C.cial-Atoll-Ecoparc-Du-Buisson,"{'bank of america': '1,87%', 'morgan stanley': '1,87%', 'banque centrale de norvège': '1,27%', 'the capital group companies': '1,22%', 'lundi': '10:00–23:30', 'mardi': '10:00–23:30', 'mercredi': '10:00–23:30', 'jeudi': '10:00–23:30', 'vendredi': '10:00–00:00', 'samedi': '10:00–00:00', 'dimanche': '10:00–23:30'}","3,5",,2795
McDonald's,"Chemin de, La Poissonnière, 49250 Beaufort-en-Vallée, France",+33 2 41 57 42 33,http://www.restaurants.mcdonalds.fr/mcdonalds-beaufort-en-vallee,https://www.google.com/search?q=BEAUFORT-EN-VALLEE-McDonald%27s-Chemin-De-La-Poissonni%C3%A8re,"{'lundi': '10:00–23:00', 'mardi': '10:00–23:00', 'mercredi': '10:00–23:00', 'jeudi': '10:00–23:00', 'vendredi': '10:00–00:00', 'samedi': '10:00–00:00', 'dimanche': '10:00–23:00'}","3,0",,1442
McDonald's,"E.Leclerc, ZAC des portes, 1 Av. des Murgets, 45190 Tavers, France",+33 2 38 44 02 49,http://www.restaurants.mcdonalds.fr/mcdonalds-beaugency,https://www.google.com/search?q=BEAUGENCY-McDonald%27s-Zac-Des-Portes-De-Tavers--Avenue-Des-M-Centre-Commercial-Leclerc,"{'lundi': '10:30–22:30', 'mardi': '10:30–22:30', 'mercredi': '10:30–22:30', 'jeudi': '10:30–22:30', 'vendredi': '10:30–23:00', 'samedi': '10:30–23:00', 'dimanche': '10:30–22:30'}","2,5",,2058
McDonald's,"Rue des Frères Lumière, 63110 Beaumont, France",+33 4 73 23 16 07,http://www.restaurants.mcdonalds.fr/mcdonalds-beaumont,https://www.google.com/search?q=BEAUMONT-McDonald%27s-Rue-Des-Fr%C3%A8res-Lumi%C3%A8re,"{'blackrock advisors llc 5,549 %': '39 768 068', 'state street corporation 4,824 %': '34 571 514', 'jpmorgan investment management, inc. 3,674 %': '26 329 348', 'geode capital management llc 2,221 %': '15 916 980', 'lundi': '10:00–00:00', 'mardi': '10:00–00:00', 'mercredi': '10:00–00:00', 'jeudi': '10:00–00:00', 'vendredi': '10:00–00:00', 'samedi': '10:00–00:00', 'dimanche': '10:00–00:00'}","3,4",,1691
McDonald's,"24 Bd Léon Blum, 95260 Beaumont-sur-Oise, France",+33 1 30 28 17 83,http://www.restaurants.mcdonalds.fr/mcdonalds-beaumont-sur-oise,https://www.google.com/search?q=BEAUMONT-SUR-OISE-McDonald%27s-Boulevard-L%C3%A9on-Blum,"{'lundi': '10:00–00:00', 'mardi': '10:00–00:00', 'mercredi': '10:00–00:00', 'jeudi': '10:00–00:00', 'vendredi': '10:00–01:00', 'samedi': '10:00–01:00', 'dimanche': '10:00–00:00'}","3,0",,269
McDonald's,"ZA La Berlhotte, Route Départementale 113, Route de Montagny, 21200 Beaune, France",+33 3 80 20 24 33,http://www.restaurants.mcdonalds.fr/mcdonalds-beaune-levernois,https://www.google.com/search?q=BEAUNE-LEVERNOIS-McDonald%27s-Za-La-Berlhotterd--De-Montagny,"{'lundi': '08:30–00:00', 'mardi': '08:30–00:00', 'mercredi': '08:30–00:00', 'jeudi': '08:30–00:00', 'vendredi': '08:30–00:00', 'samedi': '08:30–00:00', 'dimanche': '08:30–00:00'}","2,8",,5370
McDonald's Beaupréau,"Le Planty, 49600 Beaupréau-en-Mauges, France",+33 2 41 85 54 66,https://www.mcdonalds.fr/,https://www.google.com/search?q=BEAUPREAU-McDonald%27s-Centre-Commercial-Super-U-Rue-Le-Planty,"{'lundi': '10:00–21:30', 'mardi': '10:00–21:30', 'mercredi': '10:00–21:30', 'jeudi': '10:00–21:30', 'vendredi': '10:00–21:30', 'samedi': '10:00–21:30', 'dimanche': '10:00–21:30'}","3,1",,1096
McDonald's,"15, Rue Des Coquelicots, Boréal Parc, 62217 Beaurains, France",+33 3 21 60 04 52,http://www.restaurants.mcdonalds.fr/mcdonalds-beaurains,https://www.google.com/search?q=BEAURAINS-McDonald%27s-Rue-Des-Coquelicots-Boreal-Parc,"{'lundi': '09:00–22:30', 'mardi': '09:00–22:30', 'mercredi': '09:00–22:30', 'jeudi': '09:00–22:30', 'vendredi': '09:00–22:30', 'samedi': '09:00–22:30', 'dimanche': '09:00–22:30'}","3,4",,2176
McDonald's,"4 Rue de Liez, 02800 Beautor, France",+33 3 23 57 13 18,http://www.restaurants.mcdonalds.fr/mcdonalds-beautor,https://www.google.com/search?q=BEAUTOR-McDonald%27s-Rue-De-Liez,"{'lundi': '09:00–23:00', 'mardi': '09:00–23:00', 'mercredi': '09:00–23:00', 'jeudi': '09:00–23:00', 'vendredi': '09:00–23:00', 'samedi': '09:00–23:00', 'dimanche': '09:00–23:00'}","3,3",,315
McDonald's,"Avenue Rhin et Danube, 60000 Allonne, France",+33 3 44 02 38 80,http://www.restaurants.mcdonalds.fr/mcdonalds-beauvais-allonne,https://www.google.com/search?q=BEAUVAIS-ALLONNE-McDonald%27s-Avenue-Rhin-Et-Danube,"{'lundi': '08:00–00:00', 'mardi': '08:00–00:00', 'mercredi': '08:00–00:00', 'jeudi': '08:00–00:00', 'vendredi': '08:00–00:00', 'samedi': '08:00–00:00', 'dimanche': '08:00–00:00'}","3,6",,3918
McDonald's,"Avenue Nelson Mandela Espace Saint Quentin - Centre Commercial Hyper U, 60000 Beauvais, France",+33 3 44 03 54 12,http://www.restaurants.mcdonalds.fr/mcdonalds-beauvais-nelson-mandela,https://www.google.com/search?q=BEAUVAIS-NELSON-MANDELA-McDonald%27s-Avenue-Nelson-Mandela-Espace-Saint-Quentin---Centre-Commercial-Hyper-U,"{'lundi': '10:00–00:00', 'mardi': '10:00–00:00', 'mercredi': '10:00–00:00', 'jeudi': '10:00–00:00', 'vendredi': '10:00–00:00', 'samedi': '10:00–00:00', 'dimanche': '10:00–00:00'}","3,8",,2285
McDonald's,"4 Bd Saint-André, 60000 Beauvais, France",+33 3 44 02 73 11,http://www.restaurants.mcdonalds.fr/mcdonalds-beauvais-originals,https://www.google.com/search?q=BEAUVAIS-ORIGINALS-McDonald%27s-C.cial-le-Jeu-De-Paume%22---Porte-De-Bresle--Boulevard-Saint-Andr%C3%A9%22,"{'lundi': '08:00–21:00', 'mardi': '08:00–21:00', 'mercredi': '08:00–21:00', 'jeudi': '08:00–21:00', 'vendredi': '08:00–21:00', 'samedi': '08:00–21:00', 'dimanche': '08:00–21:00'}","3,7",,1257
